ID	Name	Description	System	Intensity	Tone	EffectType	Value	IsTemporary	Duration	MinDifficulty	MaxDifficulty	Weight	PenaltyValue
1	Ограбление каравана	Бандиты напали на ваш отряд ночью и похитили часть золота.		0		Money	-200	false	0	0	10	10	200
2	Удачная сделка	Местный купец предложил выгодный обмен. Вы заработали сверх плана.		0		Money	150	false	0	0	10	15	0
3	Сломанная ось	Одна из телег сломалась на ухабистой дороге. Грузоподъёмность временно снижена.		0		Capacity	-10	true	3	0	10	10	0
4	Найм грузчиков	В городе удалось нанять крепких работников. Вместимость каравана увеличена.		0		Capacity	15	false	0	0	10	8	0
5	Таможенный досмотр	Стражники конфисковали часть товара как «контрабанду».		0		Confiscation	0	false	0	2	10	6	300
6	Слух о разбойниках	Торговцы предупредили об опасном перевале. Атака каравана повышена на время пути.		0		Attack	3	true	2	0	10	12	0
7	Дезертирство	Один из охранников бросил службу без предупреждения.		0		FireCrewMember	0	false	0	0	10	5	0
8	Задержка жалованья	Казна пуста. Команда недовольна — временный штраф к жалованью.		0		WagePenalty	-50	true	2	0	10	8	150
9	Рыночная лихорадка	В регионе ажиотаж на товары. Цены временно выросли в вашу пользу.		0		BonusTrade	20	true	3	0	7	7	0
10	Чёрный рынок	Подозрительный тип предложил партию товара сомнительного происхождения.		0		AddGoods	0	false	0	3	10	4	0
11	Порча товара	Дождь намочил мешки с зерном. Часть груза испорчена.		0		RemoveGoods	0	false	0	0	10	10	0
12	Доверие команды	Долгий путь сплотил отряд. Характеристики команды улучшились.		0		TeamStats	2	false	0	0	10	6	0
13	Жёсткий торг	Покупатель оказался опытным переговорщиком. Бонус к торговле на следующий ход.		0		Bargain	10	true	1	0	10	10	0
14	Засада на перевале	Хорошо вооружённые разбойники устроили засаду. Серьёзные потери.		0		Money	-400	false	0	5	10	3	400
15	Королевский эскорт	Удача улыбнулась — солдаты короля сопроводили вас через опасный участок. Никаких потерь.		0		Money	0	false	0	0	4	2	0
16	Крепкое плечо	Все пройдет…				Attack	10	true	5				
17	Боевой клич	Все пройдет…				Attack	7	true	7				
18	Слово воина	Все пройдет…				Attack	5	true	10				
19	Верный спутник	Все пройдет…				Attack	3	true	12				
20	Крепкая рука	Все пройдет…				Attack	2	true	15				
21	Пыль в глаза	Все пройдет…				Attack	-10	true	5				
22	Трещина в строю	Все пройдет…				Attack	-7	true	7				
23	Сломанный клинок	Все пройдет…				Attack	-5	true	10				
24	Тяжёлый привал	Все пройдет…				Attack	-3	true	12				
25	Усталость пути	Все пройдет…				Attack	-2	true	15				
